amostra,meio,f_r,f_a,k2,Z,tipo
agua_000,agua,378800.0,476400.0,0.32180881925940785,1500000.0,synthetic
agua_001,agua,361600.0,478400.0,0.3835054577124664,1500000.0,synthetic
agua_002,agua,384000.0,483000.0,0.3219644644983328,1500000.0,synthetic
agua_003,agua,384200.0,479800.0,0.312980677035415,1500000.0,synthetic
agua_004,agua,373200.0,452200.0,0.2744204109172862,1500000.0,synthetic
agua_005,agua,370800.0,461400.0,0.3084398509051097,1500000.0,synthetic
agua_006,agua,366400.0,479200.0,0.3697533924508855,1500000.0,synthetic
agua_007,agua,372400.0,468200.0,0.3214059976654231,1500000.0,synthetic
agua_008,agua,373600.0,464800.0,0.3082113274606166,1500000.0,synthetic
agua_009,agua,368000.0,470800.0,0.34298611383711847,1500000.0,synthetic
agua_010,agua,370600.0,483600.0,0.3670388439367728,1500000.0,synthetic
agua_011,agua,368400.0,481800.0,0.36971420394051735,1500000.0,synthetic
agua_012,agua,377400.0,480000.0,0.33575771485240913,1500000.0,synthetic
agua_013,agua,383400.0,460800.0,0.2638446955163303,1500000.0,synthetic
agua_014,agua,377800.0,484400.0,0.34567896043834845,1500000.0,synthetic
agua_015,agua,372600.0,481800.0,0.35602108527605375,1500000.0,synthetic
agua_016,agua,387200.0,472000.0,0.28221086549196445,1500000.0,synthetic
agua_017,agua,371400.0,476600.0,0.3467221434721425,1500000.0,synthetic
agua_018,agua,373000.0,481400.0,0.35370652643241957,1500000.0,synthetic
agua_019,agua,368800.0,467600.0,0.3318962298702647,1500000.0,synthetic
agua_020,agua,374600.0,479600.0,0.34389827838503784,1500000.0,synthetic
agua_021,agua,402000.0,474400.0,0.23972524042991253,1500000.0,synthetic
agua_022,agua,367000.0,481000.0,0.37228852651687777,1500000.0,synthetic
agua_023,agua,370000.0,458600.0,0.30347264403407725,1500000.0,synthetic
agua_024,agua,382800.0,474600.0,0.30383291782505584,1500000.0,synthetic
agua_025,agua,384200.0,485400.0,0.32749194122711894,1500000.0,synthetic
agua_026,agua,372200.0,481200.0,0.35581213553749735,1500000.0,synthetic
agua_027,agua,388800.0,465600.0,0.25910042503833347,1500000.0,synthetic
agua_028,agua,348800.0,382600.0,0.13876872934047962,1500000.0,synthetic
agua_029,agua,17000.0,368800.0,1.4983897716009886,1500000.0,synthetic
agua_030,agua,378400.0,491000.0,0.360227426470683,1500000.0,synthetic
agua_031,agua,382200.0,486600.0,0.33701425507066834,1500000.0,synthetic
agua_032,agua,387400.0,476000.0,0.29237931628997443,1500000.0,synthetic
agua_033,agua,376000.0,494600.0,0.37666082563258135,1500000.0,synthetic
agua_034,agua,375000.0,489200.0,0.3666903935404276,1500000.0,synthetic
agua_035,agua,363000.0,473400.0,0.3663200559318897,1500000.0,synthetic
agua_036,agua,373400.0,481600.0,0.35290731428406935,1500000.0,synthetic
agua_037,agua,389000.0,497000.0,0.3413400468689111,1500000.0,synthetic
agua_038,agua,381000.0,479000.0,0.32137377875970746,1500000.0,synthetic
agua_039,agua,378200.0,466600.0,0.297596217935424,1500000.0,synthetic
agua_040,agua,381200.0,478400.0,0.3191500898086621,1500000.0,synthetic
agua_041,agua,371800.0,454800.0,0.2866668758222876,1500000.0,synthetic
agua_042,agua,375800.0,474600.0,0.32700100524090975,1500000.0,synthetic
agua_043,agua,378200.0,471400.0,0.31056049566670424,1500000.0,synthetic
agua_044,agua,382000.0,490200.0,0.3467159578931208,1500000.0,synthetic
agua_045,agua,388800.0,470600.0,0.2730368455839833,1500000.0,synthetic
agua_046,agua,375200.0,468600.0,0.31308659181101867,1500000.0,synthetic
agua_047,agua,374200.0,471000.0,0.32283032788481103,1500000.0,synthetic
agua_048,agua,366800.0,459200.0,0.31607487063555845,1500000.0,synthetic
agua_049,agua,378400.0,482000.0,0.3376234428546707,1500000.0,synthetic
agua_050,agua,370200.0,474600.0,0.3455354751735929,1500000.0,synthetic
agua_051,agua,374200.0,499000.0,0.39285647612024666,1500000.0,synthetic
agua_052,agua,241600.0,371800.0,0.5500744533316179,1500000.0,synthetic
agua_053,agua,381200.0,476000.0,0.31283926844570625,1500000.0,synthetic
agua_054,agua,363400.0,488600.0,0.4025045028954585,1500000.0,synthetic
agua_055,agua,388400.0,457400.0,0.2369587812611453,1500000.0,synthetic
agua_056,agua,373200.0,454400.0,0.2806968788198627,1500000.0,synthetic
agua_057,agua,368600.0,488200.0,0.3848161423282868,1500000.0,synthetic
agua_058,agua,366200.0,481200.0,0.37539812464965316,1500000.0,synthetic
agua_059,agua,370200.0,450400.0,0.27970218785291007,1500000.0,synthetic
agua_060,agua,380400.0,457400.0,0.2644322631464955,1500000.0,synthetic
agua_061,agua,375200.0,480000.0,0.34295719801688573,1500000.0,synthetic
agua_062,agua,380600.0,479400.0,0.3237269025601497,1500000.0,synthetic
agua_063,agua,374600.0,470600.0,0.3204344398051638,1500000.0,synthetic
agua_064,agua,377800.0,462600.0,0.28794537075704113,1500000.0,synthetic
agua_065,agua,383000.0,483000.0,0.32521663080639684,1500000.0,synthetic
agua_066,agua,383000.0,468000.0,0.2852942046529192,1500000.0,synthetic
agua_067,agua,385400.0,484000.0,0.3200010698801174,1500000.0,synthetic
agua_068,agua,378000.0,480400.0,0.33482419621939513,1500000.0,synthetic
agua_069,agua,377400.0,466600.0,0.30028939637827856,1500000.0,synthetic
agua_070,agua,379200.0,476600.0,0.3210146081196453,1500000.0,synthetic
agua_071,agua,365400.0,472000.0,0.354760356856644,1500000.0,synthetic
agua_072,agua,368000.0,483800.0,0.37597812038621126,1500000.0,synthetic
agua_073,agua,370200.0,468600.0,0.329847115997904,1500000.0,synthetic
agua_074,agua,377400.0,475200.0,0.32328257735804056,1500000.0,synthetic
agua_075,agua,384000.0,495000.0,0.35223917631158286,1500000.0,synthetic
agua_076,agua,371000.0,459600.0,0.30281234672329815,1500000.0,synthetic
agua_077,agua,378000.0,494000.0,0.36885095932835626,1500000.0,synthetic
agua_078,agua,381400.0,497800.0,0.3672974938507954,1500000.0,synthetic
agua_079,agua,369000.0,468200.0,0.3328128911107513,1500000.0,synthetic
agua_080,agua,371000.0,481000.0,0.3592257712004961,1500000.0,synthetic
agua_081,agua,379800.0,488000.0,0.3482790216377209,1500000.0,synthetic
agua_082,agua,365800.0,469600.0,0.3472075356075602,1500000.0,synthetic
agua_083,agua,374600.0,482800.0,0.35203016271584053,1500000.0,synthetic
agua_084,agua,380000.0,455400.0,0.2600747541509337,1500000.0,synthetic
agua_085,agua,374200.0,479800.0,0.3457192415788684,1500000.0,synthetic
agua_086,agua,383800.0,466800.0,0.2792975473949795,1500000.0,synthetic
agua_087,agua,370000.0,467200.0,0.32680094812599303,1500000.0,synthetic
agua_088,agua,365600.0,481400.0,0.37785254391950357,1500000.0,synthetic
agua_089,agua,381400.0,464200.0,0.28018512679581525,1500000.0,synthetic
agua_090,agua,368600.0,482200.0,0.3700590268019499,1500000.0,synthetic
agua_091,agua,366200.0,473400.0,0.35570208329618275,1500000.0,synthetic
agua_092,agua,366600.0,470000.0,0.34557519189487723,1500000.0,synthetic
agua_093,agua,385800.0,475000.0,0.2949790154739048,1500000.0,synthetic
agua_094,agua,375400.0,472000.0,0.32148077366183686,1500000.0,synthetic
agua_095,agua,369400.0,480400.0,0.36294419707375836,1500000.0,synthetic
agua_096,agua,380400.0,458600.0,0.26785057295107045,1500000.0,synthetic
agua_097,agua,367200.0,459800.0,0.3163456717294637,1500000.0,synthetic
agua_098,agua,378600.0,492800.0,0.36401164878242126,1500000.0,synthetic
agua_099,agua,371200.0,478800.0,0.3530026832981012,1500000.0,synthetic
oleo_000,oleo,339600.0,486200.0,0.47362966167859283,1190000.0,synthetic
oleo_001,oleo,350600.0,420720.0,0.2617993877991494,1190000.0,synthetic
oleo_002,oleo,346800.0,488400.0,0.45541515125748844,1190000.0,synthetic
oleo_003,oleo,348800.0,489800.0,0.4521892243325447,1190000.0,synthetic
oleo_004,oleo,346600.0,489800.0,0.4592446590384426,1190000.0,synthetic
oleo_005,oleo,343600.0,494600.0,0.47955973583912126,1190000.0,synthetic
oleo_006,oleo,353400.0,487000.0,0.43092071716591007,1190000.0,synthetic
oleo_007,oleo,350400.0,463800.0,0.3840627500184159,1190000.0,synthetic
oleo_008,oleo,352600.0,497800.0,0.45817522428810564,1190000.0,synthetic
oleo_009,oleo,362600.0,491800.0,0.412661418100652,1190000.0,synthetic
oleo_010,oleo,341400.0,488800.0,0.47368121638618604,1190000.0,synthetic
oleo_011,oleo,343800.0,483200.0,0.4531643376556469,1190000.0,synthetic
oleo_012,oleo,348200.0,491000.0,0.45684259769106156,1190000.0,synthetic
oleo_013,oleo,344400.0,476400.0,0.43523323916231393,1190000.0,synthetic
oleo_014,oleo,349400.0,481000.0,0.4297646499089572,1190000.0,synthetic
oleo_015,oleo,347000.0,484400.0,0.4455561835293534,1190000.0,synthetic
oleo_016,oleo,341800.0,495200.0,0.4865915923472074,1190000.0,synthetic
oleo_017,oleo,346800.0,484400.0,0.44620473692604823,1190000.0,synthetic
oleo_018,oleo,351400.0,476200.0,0.4116660680050464,1190000.0,synthetic
oleo_019,oleo,347400.0,487600.0,0.4516522662359403,1190000.0,synthetic
oleo_020,oleo,348800.0,495400.0,0.46483395540599887,1190000.0,synthetic
oleo_021,oleo,342200.0,497600.0,0.49055817762043197,1190000.0,synthetic
oleo_022,oleo,363400.0,487800.0,0.40058848514408596,1190000.0,synthetic
oleo_023,oleo,334400.0,494200.0,0.5079183590081434,1190000.0,synthetic
oleo_024,oleo,351800.0,478400.0,0.41568314166436854,1190000.0,synthetic
oleo_025,oleo,344000.0,499600.0,0.48922319545493576,1190000.0,synthetic
oleo_026,oleo,355200.0,483800.0,0.4175370145221655,1190000.0,synthetic
oleo_027,oleo,361400.0,488200.0,0.40798233149855156,1190000.0,synthetic
oleo_028,oleo,346600.0,482400.0,0.44219349332244395,1190000.0,synthetic
oleo_029,oleo,352000.0,496000.0,0.45603764326303453,1190000.0,synthetic
oleo_030,oleo,356800.0,499000.0,0.4476297348100887,1190000.0,synthetic
oleo_031,oleo,357600.0,488600.0,0.42115087763023223,1190000.0,synthetic
oleo_032,oleo,340400.0,476000.0,0.44747895359955453,1190000.0,synthetic
oleo_033,oleo,354400.0,488600.0,0.4314385326563142,1190000.0,synthetic
oleo_034,oleo,353800.0,477000.0,0.40570672423717247,1190000.0,synthetic
oleo_035,oleo,352200.0,489400.0,0.44036219051136044,1190000.0,synthetic
oleo_036,oleo,341800.0,484600.0,0.46287601210547097,1190000.0,synthetic
oleo_037,oleo,359400.0,490000.0,0.41866530669268054,1190000.0,synthetic
oleo_038,oleo,338800.0,490600.0,0.48603115044326395,1190000.0,synthetic
oleo_039,oleo,360400.0,495600.0,0.42851425218456424,1190000.0,synthetic
oleo_040,oleo,338200.0,477400.0,0.45801183219490904,1190000.0,synthetic
oleo_041,oleo,339800.0,499200.0,0.5015723847978896,1190000.0,synthetic
oleo_042,oleo,348600.0,496000.0,0.46680519872896725,1190000.0,synthetic
oleo_043,oleo,352600.0,499600.0,0.4621838671714367,1190000.0,synthetic
oleo_044,oleo,347600.0,487000.0,0.44962835309077737,1190000.0,synthetic
oleo_045,oleo,344400.0,495800.0,0.4796663248825077,1190000.0,synthetic
oleo_046,oleo,343800.0,476800.0,0.4381625659893482,1190000.0,synthetic
oleo_047,oleo,358600.0,487400.0,0.4150975931292218,1190000.0,synthetic
oleo_048,oleo,348600.0,486400.0,0.44501590014871867,1190000.0,synthetic
oleo_049,oleo,352400.0,489200.0,0.4392578444512303,1190000.0,synthetic
oleo_050,oleo,347800.0,473000.0,0.415779492842962,1190000.0,synthetic
oleo_051,oleo,346600.0,496800.0,0.47490661893034114,1190000.0,synthetic
oleo_052,oleo,351600.0,495400.0,0.4559558171035651,1190000.0,synthetic
oleo_053,oleo,339200.0,498600.0,0.5021759616749027,1190000.0,synthetic
oleo_054,oleo,362200.0,493000.0,0.4167548875147515,1190000.0,synthetic
oleo_055,oleo,350800.0,487000.0,0.4393068987874023,1190000.0,synthetic
oleo_056,oleo,338600.0,483600.0,0.47097904752948716,1190000.0,synthetic
oleo_057,oleo,356200.0,427440.0,0.2617993877991494,1190000.0,synthetic
oleo_058,oleo,339800.0,475200.0,0.4475711756061216,1190000.0,synthetic
oleo_059,oleo,350000.0,491200.0,0.4515399864483701,1190000.0,synthetic
oleo_060,oleo,358400.0,491000.0,0.4242109835702715,1190000.0,synthetic
oleo_061,oleo,357000.0,479200.0,0.40056617515512594,1190000.0,synthetic
oleo_062,oleo,356400.0,494800.0,0.4393658278666404,1190000.0,synthetic
oleo_063,oleo,48600.0,347000.0,1.3507943052322684,1190000.0,synthetic
oleo_064,oleo,341200.0,490600.0,0.47834686347973404,1190000.0,synthetic
oleo_065,oleo,315000.0,360600.0,0.19863647393745779,1190000.0,synthetic
oleo_066,oleo,348800.0,495200.0,0.46438728239655264,1190000.0,synthetic
oleo_067,oleo,358400.0,499000.0,0.4425931133213677,1190000.0,synthetic
oleo_068,oleo,341400.0,488000.0,0.4718826670248603,1190000.0,synthetic
oleo_069,oleo,350400.0,493800.0,0.456160780199247,1190000.0,synthetic
oleo_070,oleo,357800.0,497600.0,0.4413129551566048,1190000.0,synthetic
oleo_071,oleo,352000.0,481800.0,0.42318257205889903,1190000.0,synthetic
oleo_072,oleo,340200.0,488000.0,0.47574528094320845,1190000.0,synthetic
oleo_073,oleo,350000.0,498600.0,0.46815149250245014,1190000.0,synthetic
oleo_074,oleo,342200.0,499400.0,0.494451707192947,1190000.0,synthetic
oleo_075,oleo,358600.0,491000.0,0.4235711479992756,1190000.0,synthetic
oleo_076,oleo,356600.0,495800.0,0.44101421680082614,1190000.0,synthetic
oleo_077,oleo,353800.0,499200.0,0.45751960319707125,1190000.0,synthetic
oleo_078,oleo,350800.0,482600.0,0.42899079127966716,1190000.0,synthetic
oleo_079,oleo,344600.0,495200.0,0.47770986836694546,1190000.0,synthetic
oleo_080,oleo,361600.0,488000.0,0.4068619993993339,1190000.0,synthetic
oleo_081,oleo,359000.0,486200.0,0.4109528851672374,1190000.0,synthetic
oleo_082,oleo,345000.0,493000.0,0.4715575179830521,1190000.0,synthetic
oleo_083,oleo,360000.0,498200.0,0.43573675705149484,1190000.0,synthetic
oleo_084,oleo,361800.0,487400.0,0.4047846094489926,1190000.0,synthetic
oleo_085,oleo,351000.0,495000.0,0.4569589314312426,1190000.0,synthetic
oleo_086,oleo,346000.0,484200.0,0.44833550673906386,1190000.0,synthetic
oleo_087,oleo,335000.0,468000.0,0.44640152022162655,1190000.0,synthetic
oleo_088,oleo,357200.0,495200.0,0.43774211045576683,1190000.0,synthetic
oleo_089,oleo,356600.0,485400.0,0.4168079251981514,1190000.0,synthetic
oleo_090,oleo,355400.0,481600.0,0.41161647932208456,1190000.0,synthetic
oleo_091,oleo,348000.0,495200.0,0.4669249178194846,1190000.0,synthetic
oleo_092,oleo,343600.0,496600.0,0.48395456705521384,1190000.0,synthetic
oleo_093,oleo,354800.0,494800.0,0.4444452015992027,1190000.0,synthetic
oleo_094,oleo,351600.0,493000.0,0.45052860164056463,1190000.0,synthetic
oleo_095,oleo,347000.0,493800.0,0.4669763077632459,1190000.0,synthetic
oleo_096,oleo,350600.0,483000.0,0.43058681918766933,1190000.0,synthetic
oleo_097,oleo,343200.0,475800.0,0.43776291074611867,1190000.0,synthetic
oleo_098,oleo,342400.0,495200.0,0.48468836578000846,1190000.0,synthetic
oleo_099,oleo,357800.0,478800.0,0.3969639840062291,1190000.0,synthetic
ar_000,ar,87000.0,117800.0,0.41070056761700185,411.59999999999997,synthetic
ar_001,ar,81200.0,121800.0,0.5235987755982988,411.59999999999997,synthetic
ar_002,ar,84800.0,118000.0,0.4419528648270387,411.59999999999997,synthetic
ar_003,ar,84800.0,118200.0,0.44386292144627365,411.59999999999997,synthetic
ar_004,ar,85400.0,117600.0,0.4300989942414598,411.59999999999997,synthetic
ar_005,ar,85200.0,117000.0,0.4269343862570744,411.59999999999997,synthetic
ar_006,ar,86600.0,117200.0,0.4101225904430361,411.59999999999997,synthetic
ar_007,ar,85200.0,120000.0,0.45553093477052,411.59999999999997,synthetic
ar_008,ar,85800.0,119600.0,0.4439207010507316,411.59999999999997,synthetic
ar_009,ar,87200.0,121000.0,0.43878442847659094,411.59999999999997,synthetic
ar_010,ar,85800.0,120200.0,0.44954570417424666,411.59999999999997,synthetic
ar_011,ar,88600.0,121400.0,0.4243996665475503,411.59999999999997,synthetic
ar_012,ar,90800.0,116200.0,0.3433582332236693,411.59999999999997,synthetic
ar_013,ar,84600.0,122400.0,0.4850988656278357,411.59999999999997,synthetic
ar_014,ar,87000.0,117600.0,0.40872761564561083,411.59999999999997,synthetic
ar_015,ar,83600.0,118000.0,0.4579270647605461,411.59999999999997,synthetic
ar_016,ar,88600.0,121200.0,0.42250792288377576,411.59999999999997,synthetic
ar_017,ar,86600.0,121600.0,0.4521206532715574,411.59999999999997,synthetic
ar_018,ar,86200.0,117400.0,0.4174518347189163,411.59999999999997,synthetic
ar_019,ar,83400.0,120800.0,0.4863227038255723,411.59999999999997,synthetic
ar_020,ar,87200.0,119200.0,0.4216902890724554,411.59999999999997,synthetic
ar_021,ar,87600.0,120400.0,0.4279245807215333,411.59999999999997,synthetic
ar_022,ar,82400.0,121800.0,0.5081229497185462,411.59999999999997,synthetic
ar_023,ar,86000.0,122000.0,0.46351367020177275,411.59999999999997,synthetic
ar_024,ar,84800.0,120200.0,0.46261389324907937,411.59999999999997,synthetic
ar_025,ar,85000.0,120600.0,0.4636844878432696,411.59999999999997,synthetic
ar_026,ar,86400.0,123800.0,0.47453782408828055,411.59999999999997,synthetic
ar_027,ar,85800.0,117200.0,0.42084474967030505,411.59999999999997,synthetic
ar_028,ar,86600.0,118400.0,0.42188617560876446,411.59999999999997,synthetic
ar_029,ar,84800.0,117000.0,0.4323046301093647,411.59999999999997,synthetic
ar_030,ar,83200.0,123800.0,0.5151399908551922,411.59999999999997,synthetic
ar_031,ar,86800.0,119800.0,0.43269014010210005,411.59999999999997,synthetic
ar_032,ar,85400.0,119600.0,0.4491742004714503,411.59999999999997,synthetic
ar_033,ar,89000.0,116600.0,0.3718179984523083,411.59999999999997,synthetic
ar_034,ar,85600.0,125400.0,0.4985462026031649,411.59999999999997,synthetic
ar_035,ar,85400.0,119200.0,0.4454103678327811,411.59999999999997,synthetic
ar_036,ar,87600.0,119000.0,0.414479030767729,411.59999999999997,synthetic
ar_037,ar,87400.0,119200.0,0.41905472476575256,411.59999999999997,synthetic
ar_038,ar,82800.0,120600.0,0.4923391472043706,411.59999999999997,synthetic
ar_039,ar,87600.0,124400.0,0.4646728683766253,411.59999999999997,synthetic
ar_040,ar,87400.0,122400.0,0.4491656163220701,411.59999999999997,synthetic
ar_041,ar,90400.0,119400.0,0.3815166957877052,411.59999999999997,synthetic
ar_042,ar,84600.0,126400.0,0.51945638022173,411.59999999999997,synthetic
ar_043,ar,87800.0,119400.0,0.4157216409272926,411.59999999999997,synthetic
ar_044,ar,84600.0,121600.0,0.47795611917278924,411.59999999999997,synthetic
ar_045,ar,85200.0,117600.0,0.43277041656594084,411.59999999999997,synthetic
ar_046,ar,85800.0,121400.0,0.46062890637478016,411.59999999999997,synthetic
ar_047,ar,87600.0,117000.0,0.39471292314333295,411.59999999999997,synthetic
ar_048,ar,84600.0,120400.0,0.46706402408021014,411.59999999999997,synthetic
ar_049,ar,85600.0,121000.0,0.45955528899619286,411.59999999999997,synthetic
ar_050,ar,89200.0,123200.0,0.4334989862907994,411.59999999999997,synthetic
ar_051,ar,87000.0,123600.0,0.4651387181285858,411.59999999999997,synthetic
ar_052,ar,88600.0,122000.0,0.43003768290942246,411.59999999999997,synthetic
ar_053,ar,83400.0,123400.0,0.5091722291069357,411.59999999999997,synthetic
ar_054,ar,86000.0,118400.0,0.4298462921296845,411.59999999999997,synthetic
ar_055,ar,84600.0,122800.0,0.48863533944271215,411.59999999999997,synthetic
ar_056,ar,83400.0,123000.0,0.5057197930168935,411.59999999999997,synthetic
ar_057,ar,85800.0,125800.0,0.4994582915087111,411.59999999999997,synthetic
ar_058,ar,82800.0,118400.0,0.47230024690792494,411.59999999999997,synthetic
ar_059,ar,87400.0,119000.0,0.4171190245942751,411.59999999999997,synthetic
ar_060,ar,86000.0,117000.0,0.41619389855249395,411.59999999999997,synthetic
ar_061,ar,83600.0,121800.0,0.4926471238387935,411.59999999999997,synthetic
ar_062,ar,82600.0,120200.0,0.4913639092137114,411.59999999999997,synthetic
ar_063,ar,86000.0,122800.0,0.47072723799716776,411.59999999999997,synthetic
ar_064,ar,85800.0,117000.0,0.41887902047863906,411.59999999999997,synthetic
ar_065,ar,83600.0,113600.0,0.4148229736254128,411.59999999999997,synthetic
ar_066,ar,82400.0,119200.0,0.4849438324333238,411.59999999999997,synthetic
ar_067,ar,84800.0,118600.0,0.447663708648124,411.59999999999997,synthetic
ar_068,ar,83200.0,118200.0,0.46512581588681373,411.59999999999997,synthetic
ar_069,ar,86600.0,120800.0,0.4447122051025287,411.59999999999997,synthetic
ar_070,ar,85400.0,116800.0,0.4222859988130116,411.59999999999997,synthetic
ar_071,ar,84800.0,122000.0,0.4789641258751652,411.59999999999997,synthetic
ar_072,ar,88000.0,121800.0,0.435902428946367,411.59999999999997,synthetic
ar_073,ar,86200.0,121400.0,0.4554533006851759,411.59999999999997,synthetic
ar_074,ar,85400.0,122200.0,0.4730385010315236,411.59999999999997,synthetic
ar_075,ar,87400.0,125000.0,0.4724955350999049,411.59999999999997,synthetic
ar_076,ar,85200.0,117200.0,0.4288863690907568,411.59999999999997,synthetic
ar_077,ar,89000.0,119600.0,0.40189270568498187,411.59999999999997,synthetic
ar_078,ar,84600.0,126600.0,0.5211172648134728,411.59999999999997,synthetic
ar_079,ar,86600.0,115000.0,0.3879183972258701,411.59999999999997,synthetic
ar_080,ar,87600.0,120800.0,0.43170892425157753,411.59999999999997,synthetic
ar_081,ar,84000.0,113000.0,0.40312472103585845,411.59999999999997,synthetic
ar_082,ar,86400.0,113200.0,0.3718846427394278,411.59999999999997,synthetic
ar_083,ar,84400.0,115800.0,0.42593268274058504,411.59999999999997,synthetic
ar_084,ar,85600.0,124800.0,0.4933911539291662,411.59999999999997,synthetic
ar_085,ar,83000.0,120800.0,0.4915240161659527,411.59999999999997,synthetic
ar_086,ar,85800.0,120600.0,0.45326461171196025,411.59999999999997,synthetic
ar_087,ar,86000.0,116800.0,0.4142168396000241,411.59999999999997,synthetic
ar_088,ar,83800.0,117000.0,0.4457302397400903,411.59999999999997,synthetic
ar_089,ar,84600.0,121000.0,0.47253707682094415,411.59999999999997,synthetic
ar_090,ar,86400.0,118200.0,0.42260002700573357,411.59999999999997,synthetic
ar_091,ar,86800.0,120800.0,0.44211154893233845,411.59999999999997,synthetic
ar_092,ar,85200.0,118200.0,0.43854719783613866,411.59999999999997,synthetic
ar_093,ar,84400.0,122000.0,0.484114277766296,411.59999999999997,synthetic
ar_094,ar,86200.0,119200.0,0.4348681106059697,411.59999999999997,synthetic
ar_095,ar,85200.0,122000.0,0.4738139739840344,411.59999999999997,synthetic
ar_096,ar,23200.0,83800.0,1.1359219260593167,411.59999999999997,synthetic
ar_097,ar,85200.0,120800.0,0.46291679829386023,411.59999999999997,synthetic
ar_098,ar,86000.0,122400.0,0.4671322409749529,411.59999999999997,synthetic
ar_099,ar,85800.0,122800.0,0.4732855382036741,411.59999999999997,synthetic
areia_seca_000,areia_seca,75600.0,105200.0,0.4419731109613017,480000.0,synthetic
areia_seca_001,areia_seca,74400.0,105600.0,0.4640989147348558,480000.0,synthetic
areia_seca_002,areia_seca,800.0,73800.0,1.5537687243364153,480000.0,synthetic
areia_seca_003,areia_seca,73200.0,106000.0,0.4860577313101189,480000.0,synthetic
areia_seca_004,areia_seca,76000.0,102200.0,0.4026894692957562,480000.0,synthetic
areia_seca_005,areia_seca,73800.0,106800.0,0.4853584155826927,480000.0,synthetic
areia_seca_006,areia_seca,74200.0,109000.0,0.5015019465363523,480000.0,synthetic
areia_seca_007,areia_seca,75800.0,103000.0,0.4148122338720504,480000.0,synthetic
areia_seca_008,areia_seca,74600.0,108200.0,0.4877888778217054,480000.0,synthetic
areia_seca_009,areia_seca,77600.0,108000.0,0.44215007717189686,480000.0,synthetic
areia_seca_010,areia_seca,74600.0,104400.0,0.44836906646061225,480000.0,synthetic
areia_seca_011,areia_seca,75200.0,105400.0,0.4500763668805111,480000.0,synthetic
areia_seca_012,areia_seca,76800.0,105000.0,0.4218710134820579,480000.0,synthetic
areia_seca_013,areia_seca,73200.0,106600.0,0.49216320182879497,480000.0,synthetic
areia_seca_014,areia_seca,75400.0,104400.0,0.4363323129985824,480000.0,synthetic
areia_seca_015,areia_seca,75200.0,106200.0,0.45851870179512044,480000.0,synthetic
areia_seca_016,areia_seca,78200.0,107800.0,0.4313132771162239,480000.0,synthetic
areia_seca_017,areia_seca,73000.0,100800.0,0.4332156536200211,480000.0,synthetic
areia_seca_018,areia_seca,74600.0,104200.0,0.44621469551947157,480000.0,synthetic
areia_seca_019,areia_seca,74800.0,108000.0,0.4828744263850978,480000.0,synthetic
areia_seca_020,areia_seca,75000.0,104000.0,0.4380105142024231,480000.0,synthetic
areia_seca_021,areia_seca,75000.0,103800.0,0.4358278825789308,480000.0,synthetic
areia_seca_022,areia_seca,76000.0,104000.0,0.42290670336785674,480000.0,synthetic
areia_seca_023,areia_seca,74000.0,103800.0,0.45096079516847704,480000.0,synthetic
areia_seca_024,areia_seca,74400.0,106000.0,0.46827513138413895,480000.0,synthetic
areia_seca_025,areia_seca,76200.0,110000.0,0.48266287132425,480000.0,synthetic
areia_seca_026,areia_seca,74000.0,101800.0,0.42896009710116034,480000.0,synthetic
areia_seca_027,areia_seca,72400.0,104800.0,0.48562787202437646,480000.0,synthetic
areia_seca_028,areia_seca,75800.0,107000.0,0.45802659248598854,480000.0,synthetic
areia_seca_029,areia_seca,75200.0,100800.0,0.3989324004558467,480000.0,synthetic
areia_seca_030,areia_seca,73000.0,105600.0,0.4849238660370609,480000.0,synthetic
areia_seca_031,areia_seca,75200.0,106200.0,0.45851870179512044,480000.0,synthetic
areia_seca_032,areia_seca,77600.0,104400.0,0.4032312409780003,480000.0,synthetic
areia_seca_033,areia_seca,74200.0,103200.0,0.44140594454507753,480000.0,synthetic
areia_seca_034,areia_seca,75000.0,102800.0,0.4247873335106821,480000.0,synthetic
areia_seca_035,areia_seca,76400.0,102000.0,0.39423907809754266,480000.0,synthetic
areia_seca_036,areia_seca,74600.0,108600.0,0.4917778555343138,480000.0,synthetic
areia_seca_037,areia_seca,75800.0,101200.0,0.3942512519821183,480000.0,synthetic
areia_seca_038,areia_seca,72600.0,105800.0,0.492915293474391,480000.0,synthetic
areia_seca_039,areia_seca,76200.0,101600.0,0.39269908169872414,480000.0,synthetic
areia_seca_040,areia_seca,75600.0,101400.0,0.39967007131467785,480000.0,synthetic
areia_seca_041,areia_seca,75400.0,103800.0,0.42977471754311236,480000.0,synthetic
areia_seca_042,areia_seca,76600.0,108600.0,0.46284974638523657,480000.0,synthetic
areia_seca_043,areia_seca,74600.0,103400.0,0.4375138705192749,480000.0,synthetic
areia_seca_044,areia_seca,72800.0,106000.0,0.4919852646187789,480000.0,synthetic
areia_seca_045,areia_seca,72000.0,104600.0,0.4895598494599773,480000.0,synthetic
areia_seca_046,areia_seca,73800.0,105800.0,0.47509907804760576,480000.0,synthetic
areia_seca_047,areia_seca,75600.0,103600.0,0.4245395477824045,480000.0,synthetic
areia_seca_048,areia_seca,76200.0,107000.0,0.45215445668488613,480000.0,synthetic
areia_seca_049,areia_seca,75200.0,105800.0,0.454313493383023,480000.0,synthetic
areia_seca_050,areia_seca,73600.0,103600.0,0.45486380119543335,480000.0,synthetic
areia_seca_051,areia_seca,74800.0,106800.0,0.47065058480745964,480000.0,synthetic
areia_seca_052,areia_seca,74800.0,104000.0,0.44103127636933637,480000.0,synthetic
areia_seca_053,areia_seca,75800.0,102800.0,0.4125632375823172,480000.0,synthetic
areia_seca_054,areia_seca,75200.0,105800.0,0.454313493383023,480000.0,synthetic
areia_seca_055,areia_seca,75400.0,104200.0,0.4341548388838102,480000.0,synthetic
areia_seca_056,areia_seca,71600.0,105200.0,0.5016992070371533,480000.0,synthetic
areia_seca_057,areia_seca,79200.0,101600.0,0.3463173003957252,480000.0,synthetic
areia_seca_058,areia_seca,73200.0,104400.0,0.46943338501916454,480000.0,synthetic
areia_seca_059,areia_seca,78000.0,106200.0,0.41710410937491604,480000.0,synthetic
areia_seca_060,areia_seca,75400.0,110400.0,0.49798796592229516,480000.0,synthetic
areia_seca_061,areia_seca,75800.0,102800.0,0.4125632375823172,480000.0,synthetic
areia_seca_062,areia_seca,74800.0,106600.0,0.468586521501667,480000.0,synthetic
areia_seca_063,areia_seca,73200.0,107600.0,0.502187673250413,480000.0,synthetic
areia_seca_064,areia_seca,74800.0,106200.0,0.46443507214086394,480000.0,synthetic
areia_seca_065,areia_seca,74000.0,103400.0,0.4466287428217598,480000.0,synthetic
areia_seca_066,areia_seca,75200.0,102600.0,0.419491416707409,480000.0,synthetic
areia_seca_067,areia_seca,75800.0,100200.0,0.3825092851676195,480000.0,synthetic
areia_seca_068,areia_seca,74400.0,103800.0,0.4449076301326586,480000.0,synthetic
areia_seca_069,areia_seca,74200.0,105200.0,0.4628772445878498,480000.0,synthetic
areia_seca_070,areia_seca,74600.0,102000.0,0.4219590132762761,480000.0,synthetic
areia_seca_071,areia_seca,75800.0,103800.0,0.4237215525072939,480000.0,synthetic
areia_seca_072,areia_seca,74600.0,103400.0,0.4375138705192749,480000.0,synthetic
areia_seca_073,areia_seca,70200.0,104400.0,0.5145712105017765,480000.0,synthetic
areia_seca_074,areia_seca,76400.0,102800.0,0.40339516563604344,480000.0,synthetic
areia_seca_075,areia_seca,73800.0,107000.0,0.48738727149150063,480000.0,synthetic
areia_seca_076,areia_seca,75600.0,106600.0,0.4567981813381031,480000.0,synthetic
areia_seca_077,areia_seca,74800.0,105000.0,0.45179094351624643,480000.0,synthetic
areia_seca_078,areia_seca,73400.0,104800.0,0.4706393574557229,480000.0,synthetic
areia_seca_079,areia_seca,76800.0,102200.0,0.39039360763787057,480000.0,synthetic
areia_seca_080,areia_seca,75000.0,105800.0,0.4572828626208206,480000.0,synthetic
areia_seca_081,areia_seca,73400.0,106200.0,0.4851423683509662,480000.0,synthetic
areia_seca_082,areia_seca,74800.0,107000.0,0.4727069319887446,480000.0,synthetic
areia_seca_083,areia_seca,75800.0,105000.0,0.4368309784991522,480000.0,synthetic
areia_seca_084,areia_seca,38200.0,77200.0,0.7935370044689245,480000.0,synthetic
areia_seca_085,areia_seca,75200.0,106200.0,0.45851870179512044,480000.0,synthetic
areia_seca_086,areia_seca,73400.0,105800.0,0.4810378165232008,480000.0,synthetic
areia_seca_087,areia_seca,74400.0,107000.0,0.478579067789847,480000.0,synthetic
areia_seca_088,areia_seca,76000.0,103200.0,0.4140083341940038,480000.0,synthetic
areia_seca_089,areia_seca,73000.0,105000.0,0.4787188805470161,480000.0,synthetic
areia_seca_090,areia_seca,74000.0,102600.0,0.4378633035705072,480000.0,synthetic
areia_seca_091,areia_seca,73600.0,104800.0,0.4676416545419921,480000.0,synthetic
areia_seca_092,areia_seca,74800.0,106600.0,0.468586521501667,480000.0,synthetic
areia_seca_093,areia_seca,75200.0,110400.0,0.500833611441851,480000.0,synthetic
areia_seca_094,areia_seca,76800.0,105000.0,0.4218710134820579,480000.0,synthetic
areia_seca_095,areia_seca,75200.0,103600.0,0.43060439846501025,480000.0,synthetic
areia_seca_096,areia_seca,74600.0,105400.0,0.4590182814542962,480000.0,synthetic
areia_seca_097,areia_seca,74400.0,105000.0,0.45777492952308413,480000.0,synthetic
areia_seca_098,areia_seca,75800.0,102600.0,0.4103054732758599,480000.0,synthetic
areia_seca_099,areia_seca,75800.0,107000.0,0.45802659248598854,480000.0,synthetic
areia_umida_000,areia_umida,109800.0,154000.0,0.45083894574243133,810000.0,synthetic
areia_umida_001,areia_umida,108400.0,154400.0,0.4679833616098785,810000.0,synthetic
areia_umida_002,areia_umida,112600.0,158000.0,0.4513554002309386,810000.0,synthetic
areia_umida_003,areia_umida,109400.0,158200.0,0.4845439996687165,810000.0,synthetic
areia_umida_004,areia_umida,112600.0,160600.0,0.46947835421018075,810000.0,synthetic
areia_umida_005,areia_umida,114000.0,156800.0,0.42876328307921924,810000.0,synthetic
areia_umida_006,areia_umida,109400.0,164000.0,0.5229602405061058,810000.0,synthetic
areia_umida_007,areia_umida,112200.0,161200.0,0.4774753102540318,810000.0,synthetic
areia_umida_008,areia_umida,115600.0,156200.0,0.4082863691925276,810000.0,synthetic
areia_umida_009,areia_umida,112600.0,155800.0,0.4355481470958892,810000.0,synthetic
areia_umida_010,areia_umida,110800.0,154400.0,0.4435668383954501,810000.0,synthetic
areia_umida_011,areia_umida,111000.0,156400.0,0.4559728467806157,810000.0,synthetic
areia_umida_012,areia_umida,109200.0,153400.0,0.452602331449377,810000.0,synthetic
areia_umida_013,areia_umida,112200.0,155200.0,0.43520774518157573,810000.0,synthetic
areia_umida_014,areia_umida,111800.0,159200.0,0.4676868460432041,810000.0,synthetic
areia_umida_015,areia_umida,113600.0,157600.0,0.43854719783613866,810000.0,synthetic
areia_umida_016,areia_umida,114200.0,155200.0,0.4149655244754559,810000.0,synthetic
areia_umida_017,areia_umida,116400.0,156200.0,0.4002413175828226,810000.0,synthetic
areia_umida_018,areia_umida,113000.0,157800.0,0.4459548506996918,810000.0,synthetic
areia_umida_019,areia_umida,107600.0,160400.0,0.5170701125609135,810000.0,synthetic
areia_umida_020,areia_umida,110800.0,158600.0,0.4734178084539474,810000.0,synthetic
areia_umida_021,areia_umida,112200.0,157000.0,0.44822723210453097,810000.0,synthetic
areia_umida_022,areia_umida,109400.0,159400.0,0.4927215579657769,810000.0,synthetic
areia_umida_023,areia_umida,110200.0,155600.0,0.45831718018308676,810000.0,synthetic
areia_umida_024,areia_umida,113600.0,156200.0,0.42839899821678995,810000.0,synthetic
areia_umida_025,areia_umida,112800.0,152600.0,0.4096834456516178,810000.0,synthetic
areia_umida_026,areia_umida,111800.0,158000.0,0.45930879935395075,810000.0,synthetic
areia_umida_027,areia_umida,113600.0,153400.0,0.4075468957394842,810000.0,synthetic
areia_umida_028,areia_umida,114000.0,156800.0,0.42876328307921924,810000.0,synthetic
areia_umida_029,areia_umida,116000.0,156800.0,0.40872761564561083,810000.0,synthetic
areia_umida_030,areia_umida,108800.0,157600.0,0.48638871032735376,810000.0,synthetic
areia_umida_031,areia_umida,116400.0,160200.0,0.42946865863680694,810000.0,synthetic
areia_umida_032,areia_umida,112200.0,155200.0,0.43520774518157573,810000.0,synthetic
areia_umida_033,areia_umida,114400.0,157600.0,0.4305736124209361,810000.0,synthetic
areia_umida_034,areia_umida,111800.0,160600.0,0.4773029934470171,810000.0,synthetic
areia_umida_035,areia_umida,113400.0,153000.0,0.4065590492880909,810000.0,synthetic
areia_umida_036,areia_umida,106600.0,163400.0,0.5460295676985932,810000.0,synthetic
areia_umida_037,areia_umida,112400.0,158200.0,0.45475645870547576,810000.0,synthetic
areia_umida_038,areia_umida,113400.0,153200.0,0.40807894129527994,810000.0,synthetic
areia_umida_039,areia_umida,112200.0,156000.0,0.44103127636933637,810000.0,synthetic
areia_umida_040,areia_umida,114400.0,161600.0,0.458796946935143,810000.0,synthetic
areia_umida_041,areia_umida,109000.0,156200.0,0.4746580449725936,810000.0,synthetic
areia_umida_042,areia_umida,113000.0,155800.0,0.43151529388203835,810000.0,synthetic
areia_umida_043,areia_umida,113600.0,154000.0,0.41207903637995985,810000.0,synthetic
areia_umida_044,areia_umida,113200.0,155600.0,0.4280319039595348,810000.0,synthetic
areia_umida_045,areia_umida,112200.0,154800.0,0.43227340776138623,810000.0,synthetic
areia_umida_046,areia_umida,109800.0,159000.0,0.4860577313101189,810000.0,synthetic
areia_umida_047,areia_umida,111800.0,156000.0,0.445058959258554,810000.0,synthetic
areia_umida_048,areia_umida,114400.0,159200.0,0.4420331371885136,810000.0,synthetic
areia_umida_049,areia_umida,111600.0,156600.0,0.45137825482611965,810000.0,synthetic
areia_umida_050,areia_umida,112000.0,155800.0,0.4415974269166654,810000.0,synthetic
areia_umida_051,areia_umida,112000.0,159200.0,0.46571348382361255,810000.0,synthetic
areia_umida_052,areia_umida,109200.0,158600.0,0.48926442965742684,810000.0,synthetic
areia_umida_053,areia_umida,112400.0,156400.0,0.441912010095751,810000.0,synthetic
areia_umida_054,areia_umida,109200.0,156600.0,0.4754517617501794,810000.0,synthetic
areia_umida_055,areia_umida,109400.0,156600.0,0.4734456361731745,810000.0,synthetic
areia_umida_056,areia_umida,108000.0,152800.0,0.4605476141388178,810000.0,synthetic
areia_umida_057,areia_umida,112000.0,159200.0,0.46571348382361255,810000.0,synthetic
areia_umida_058,areia_umida,117400.0,152400.0,0.3607471879122138,810000.0,synthetic
areia_umida_059,areia_umida,109800.0,155600.0,0.4623552170128937,810000.0,synthetic
areia_umida_060,areia_umida,112600.0,155600.0,0.43408895920424523,810000.0,synthetic
areia_umida_061,areia_umida,113600.0,158000.0,0.4414136513271735,810000.0,synthetic
areia_umida_062,areia_umida,113400.0,151000.0,0.39113868799661,810000.0,synthetic
areia_umida_063,areia_umida,108800.0,156400.0,0.4780684472854033,810000.0,synthetic
areia_umida_064,areia_umida,113200.0,160000.0,0.4594579255875072,810000.0,synthetic
areia_umida_065,areia_umida,113000.0,156600.0,0.4373353757870848,810000.0,synthetic
areia_umida_066,areia_umida,111000.0,161200.0,0.4891685831582122,810000.0,synthetic
areia_umida_067,areia_umida,109400.0,158800.0,0.48864822760496157,810000.0,synthetic
areia_umida_068,areia_umida,115400.0,159200.0,0.4321663260905557,810000.0,synthetic
areia_umida_069,areia_umida,111600.0,161800.0,0.48735460818976395,810000.0,synthetic
areia_umida_070,areia_umida,109400.0,158800.0,0.48864822760496157,810000.0,synthetic
areia_umida_071,areia_umida,112400.0,160800.0,0.47280187945816543,810000.0,synthetic
areia_umida_072,areia_umida,109600.0,159200.0,0.48939383045871154,810000.0,synthetic
areia_umida_073,areia_umida,109400.0,158400.0,0.48591553038478497,810000.0,synthetic
areia_umida_074,areia_umida,116200.0,155600.0,0.3977466277359828,810000.0,synthetic
areia_umida_075,areia_umida,110600.0,159200.0,0.47952701936075365,810000.0,synthetic
areia_umida_076,areia_umida,112000.0,157600.0,0.45449436866654364,810000.0,synthetic
areia_umida_077,areia_umida,111800.0,153000.0,0.42298567754215516,810000.0,synthetic
areia_umida_078,areia_umida,110600.0,161000.0,0.491727545779272,810000.0,synthetic
areia_umida_079,areia_umida,114000.0,159200.0,0.44597986162769676,810000.0,synthetic
areia_umida_080,areia_umida,111000.0,154000.0,0.43859897436480877,810000.0,synthetic
areia_umida_081,areia_umida,107800.0,160600.0,0.5164261896311988,810000.0,synthetic
areia_umida_082,areia_umida,113000.0,161400.0,0.4710442516534882,810000.0,synthetic
areia_umida_083,areia_umida,114000.0,156600.0,0.42730474790206,810000.0,synthetic
areia_umida_084,areia_umida,110600.0,153600.0,0.43974115919388385,810000.0,synthetic
areia_umida_085,areia_umida,112600.0,157600.0,0.4485141796051418,810000.0,synthetic
areia_umida_086,areia_umida,114600.0,164200.0,0.474491460469104,810000.0,synthetic
areia_umida_087,areia_umida,112800.0,158200.0,0.45078478657704363,810000.0,synthetic
areia_umida_088,areia_umida,115600.0,156600.0,0.4112557432860202,810000.0,synthetic
areia_umida_089,areia_umida,112400.0,158200.0,0.45475645870547576,810000.0,synthetic
areia_umida_090,areia_umida,111000.0,161200.0,0.4891685831582122,810000.0,synthetic
areia_umida_091,areia_umida,113600.0,155000.0,0.4195546318019917,810000.0,synthetic
areia_umida_092,areia_umida,111000.0,158600.0,0.4714369808035125,810000.0,synthetic
areia_umida_093,areia_umida,112200.0,156400.0,0.4439207010507316,810000.0,synthetic
areia_umida_094,areia_umida,114200.0,163600.0,0.4743113602913685,810000.0,synthetic
areia_umida_095,areia_umida,111200.0,158600.0,0.46945615315307754,810000.0,synthetic
areia_umida_096,areia_umida,112600.0,156200.0,0.4384553127289212,810000.0,synthetic
areia_umida_097,areia_umida,113400.0,162200.0,0.47259470251289115,810000.0,synthetic
areia_umida_098,areia_umida,113600.0,156600.0,0.43131699905606996,810000.0,synthetic
areia_umida_099,areia_umida,110800.0,154400.0,0.4435668383954501,810000.0,synthetic
argila_000,argila,63600.0,89400.0,0.45331706075288963,475000.0,synthetic
argila_001,argila,61400.0,84000.0,0.4226190117329126,475000.0,synthetic
argila_002,argila,61000.0,85600.0,0.4514204397097483,475000.0,synthetic
argila_003,argila,62000.0,90200.0,0.49109153454119825,475000.0,synthetic
argila_004,argila,66200.0,86600.0,0.3700259245567655,475000.0,synthetic
argila_005,argila,62400.0,87400.0,0.44931245045620616,475000.0,synthetic
argila_006,argila,62800.0,89200.0,0.46489936129355686,475000.0,synthetic
argila_007,argila,64400.0,85000.0,0.3806871097879396,475000.0,synthetic
argila_008,argila,64400.0,87800.0,0.41864047889522304,475000.0,synthetic
argila_009,argila,63600.0,87600.0,0.43035515802599905,475000.0,synthetic
argila_010,argila,60800.0,88800.0,0.4952961390794719,475000.0,synthetic
argila_011,argila,64000.0,88800.0,0.43869086604181795,475000.0,synthetic
argila_012,argila,61600.0,84200.0,0.4216151660993428,475000.0,synthetic
argila_013,argila,63200.0,87400.0,0.4349344520416075,475000.0,synthetic
argila_014,argila,60800.0,88000.0,0.48551886464569527,475000.0,synthetic
argila_015,argila,61000.0,89600.0,0.5013925775260495,475000.0,synthetic
argila_016,argila,62600.0,88800.0,0.46345567299579155,475000.0,synthetic
argila_017,argila,62800.0,85200.0,0.4129793159648555,475000.0,synthetic
argila_018,argila,64600.0,88000.0,0.41768902326137025,475000.0,synthetic
argila_019,argila,62000.0,86400.0,0.4436045182152254,475000.0,synthetic
argila_020,argila,61200.0,89600.0,0.4978863357251681,475000.0,synthetic
argila_021,argila,62800.0,89600.0,0.4698364013181164,475000.0,synthetic
argila_022,argila,61400.0,90400.0,0.503905901294823,475000.0,synthetic
argila_023,argila,63600.0,87400.0,0.42774545283430826,475000.0,synthetic
argila_024,argila,63600.0,87400.0,0.42774545283430826,475000.0,synthetic
argila_025,argila,62600.0,87600.0,0.44828662294374905,475000.0,synthetic
argila_026,argila,62000.0,91000.0,0.5005834448027692,475000.0,synthetic
argila_027,argila,63600.0,86600.0,0.41718609141203944,475000.0,synthetic
argila_028,argila,63600.0,90000.0,0.460766922526503,475000.0,synthetic
argila_029,argila,63600.0,87800.0,0.4329529739001879,475000.0,synthetic
argila_030,argila,64200.0,87600.0,0.4195962790753491,475000.0,synthetic
argila_031,argila,63000.0,86800.0,0.4307022186373103,475000.0,synthetic
argila_032,argila,60000.0,89200.0,0.5142068693095402,475000.0,synthetic
argila_033,argila,62200.0,87000.0,0.44776722878751074,475000.0,synthetic
argila_034,argila,62800.0,86400.0,0.4290601077819393,475000.0,synthetic
argila_035,argila,63200.0,86600.0,0.4244415016974663,475000.0,synthetic
argila_036,argila,62600.0,86200.0,0.4300556068719207,475000.0,synthetic
argila_037,argila,63600.0,86800.0,0.41984417951200004,475000.0,synthetic
argila_038,argila,63600.0,89800.0,0.4582946966818072,475000.0,synthetic
argila_039,argila,62400.0,83800.0,0.4011341455060953,475000.0,synthetic
argila_040,argila,61600.0,89600.0,0.4908738521234052,475000.0,synthetic
argila_041,argila,59000.0,86000.0,0.493156986319328,475000.0,synthetic
argila_042,argila,63800.0,86800.0,0.41622483313689657,475000.0,synthetic
argila_043,argila,62000.0,85400.0,0.4304055509016462,475000.0,synthetic
argila_044,argila,62600.0,91200.0,0.4925962165168206,475000.0,synthetic
argila_045,argila,61400.0,86000.0,0.4493208097576099,475000.0,synthetic
argila_046,argila,63800.0,87600.0,0.4267688650424491,475000.0,synthetic
argila_047,argila,61600.0,84400.0,0.42433834420525646,475000.0,synthetic
argila_048,argila,61000.0,87200.0,0.47195944681222807,475000.0,synthetic
argila_049,argila,63600.0,86200.0,0.4118329116654833,475000.0,synthetic
argila_050,argila,65200.0,89800.0,0.4303072342890251,475000.0,synthetic
argila_051,argila,63800.0,90400.0,0.4622033439462859,475000.0,synthetic
argila_052,argila,60600.0,86200.0,0.46650099728479527,475000.0,synthetic
argila_053,argila,62600.0,85800.0,0.4247374683175012,475000.0,synthetic
argila_054,argila,63200.0,87000.0,0.42971209859446596,475000.0,synthetic
argila_055,argila,63200.0,85800.0,0.4137528786196348,475000.0,synthetic
argila_056,argila,61800.0,84800.0,0.4260414565599366,475000.0,synthetic
argila_057,argila,63400.0,88200.0,0.4416751576475446,475000.0,synthetic
argila_058,argila,62600.0,87200.0,0.44313749586186296,475000.0,synthetic
argila_059,argila,63400.0,86200.0,0.41547745070677083,475000.0,synthetic
argila_060,argila,62600.0,85400.0,0.4193695111349373,475000.0,synthetic
argila_061,argila,62400.0,91600.0,0.5007342002446614,475000.0,synthetic
argila_062,argila,61800.0,86800.0,0.452418296887931,475000.0,synthetic
argila_063,argila,61800.0,88800.0,0.47760699125520506,475000.0,synthetic
argila_064,argila,62600.0,88000.0,0.45338893977943606,475000.0,synthetic
argila_065,argila,64000.0,87400.0,0.42055645362700894,475000.0,synthetic
argila_066,argila,63600.0,88400.0,0.4406758925849936,475000.0,synthetic
argila_067,argila,61800.0,88600.0,0.47513929523818543,475000.0,synthetic
argila_068,argila,62600.0,89000.0,0.46594407895938506,475000.0,synthetic
argila_069,argila,62800.0,86400.0,0.4290601077819393,475000.0,synthetic
argila_070,argila,60600.0,89200.0,0.5036409747346865,475000.0,synthetic
argila_071,argila,61400.0,87000.0,0.46221133294194655,475000.0,synthetic
argila_072,argila,64600.0,85800.0,0.38812216932461313,475000.0,synthetic
argila_073,argila,61800.0,83000.0,0.4012154473259254,475000.0,synthetic
argila_074,argila,61000.0,88200.0,0.48441791483924246,475000.0,synthetic
argila_075,argila,61600.0,89200.0,0.48603115044326395,475000.0,synthetic
argila_076,argila,63400.0,90200.0,0.4667111037483728,475000.0,synthetic
argila_077,argila,62400.0,87000.0,0.4441562027489018,475000.0,synthetic
argila_078,argila,63200.0,89000.0,0.45535444080121723,475000.0,synthetic
argila_079,argila,63800.0,87000.0,0.41887902047863906,475000.0,synthetic
argila_080,argila,63400.0,90200.0,0.4667111037483728,475000.0,synthetic
argila_081,argila,62400.0,90800.0,0.4913063400988443,475000.0,synthetic
argila_082,argila,63000.0,87800.0,0.44368734515391156,475000.0,synthetic
argila_083,argila,61200.0,89400.0,0.49548608966013513,475000.0,synthetic
argila_084,argila,61800.0,88600.0,0.47513929523818543,475000.0,synthetic
argila_085,argila,65000.0,88000.0,0.41054903995775704,475000.0,synthetic
argila_086,argila,62600.0,88800.0,0.46345567299579155,475000.0,synthetic
argila_087,argila,62000.0,89400.0,0.4814297466910533,475000.0,synthetic
argila_088,argila,64000.0,87800.0,0.42579672639770544,475000.0,synthetic
argila_089,argila,61600.0,87200.0,0.46115121520584124,475000.0,synthetic
argila_090,argila,63800.0,85400.0,0.39729743160151954,475000.0,synthetic
argila_091,argila,60600.0,91200.0,0.5270435043851297,475000.0,synthetic
argila_092,argila,62800.0,86800.0,0.4343215650124138,475000.0,synthetic
argila_093,argila,61000.0,84400.0,0.43550514273697366,475000.0,synthetic
argila_094,argila,63200.0,86400.0,0.42178790256529636,475000.0,synthetic
argila_095,argila,61600.0,90600.0,0.5027935262367771,475000.0,synthetic
argila_096,argila,62400.0,89800.0,0.47928529347639387,475000.0,synthetic
argila_097,argila,63400.0,86200.0,0.41547745070677083,475000.0,synthetic
argila_098,argila,60200.0,89400.0,0.5130565183714875,475000.0,synthetic
argila_099,argila,61200.0,86600.0,0.4607185531246001,475000.0,synthetic
lama_000,lama,48400.0,70200.0,0.4877971499163639,350000.0,synthetic
lama_001,lama,50600.0,70800.0,0.4481650536900693,350000.0,synthetic
lama_002,lama,49600.0,69800.0,0.45458575646499866,350000.0,synthetic
lama_003,lama,49000.0,70200.0,0.47437154028563827,350000.0,synthetic
lama_004,lama,47200.0,70600.0,0.5206322102974587,350000.0,synthetic
lama_005,lama,49800.0,358800.0,1.3527761008350698,350000.0,synthetic
lama_006,lama,49800.0,72400.0,0.49033145007685996,350000.0,synthetic
lama_007,lama,51600.0,61920.0,0.2617993877991494,350000.0,synthetic
lama_008,lama,52800.0,73600.0,0.4439207010507316,350000.0,synthetic
lama_009,lama,49600.0,73000.0,0.5035155348904189,350000.0,synthetic
lama_010,lama,51800.0,62160.0,0.2617993877991494,350000.0,synthetic
lama_011,lama,51200.0,61440.0,0.2617993877991494,350000.0,synthetic
lama_012,lama,49600.0,72200.0,0.49168970894133884,350000.0,synthetic
lama_013,lama,48200.0,57840.0,0.2617993877991494,350000.0,synthetic
lama_014,lama,50200.0,71400.0,0.4663989093564679,350000.0,synthetic
lama_015,lama,49800.0,69800.0,0.4500849073910878,350000.0,synthetic
lama_016,lama,50600.0,60720.0,0.2617993877991494,350000.0,synthetic
lama_017,lama,50200.0,60240.0,0.2617993877991494,350000.0,synthetic
lama_018,lama,50600.0,73000.0,0.48199777698911894,350000.0,synthetic
lama_019,lama,50000.0,60000.0,0.2617993877991494,350000.0,synthetic
lama_020,lama,49600.0,70800.0,0.4703514424866075,350000.0,synthetic
lama_021,lama,50200.0,70200.0,0.44752032102418704,350000.0,synthetic
lama_022,lama,47800.0,70400.0,0.5042613208176799,350000.0,synthetic
lama_023,lama,50000.0,71600.0,0.4738715175805833,350000.0,synthetic
lama_024,lama,50200.0,60240.0,0.2617993877991494,350000.0,synthetic
lama_025,lama,50600.0,60720.0,0.2617993877991494,350000.0,synthetic
lama_026,lama,50000.0,71800.0,0.47692701844190455,350000.0,synthetic
lama_027,lama,51200.0,61440.0,0.2617993877991494,350000.0,synthetic
lama_028,lama,49800.0,69800.0,0.4500849073910878,350000.0,synthetic
lama_029,lama,49800.0,59760.0,0.2617993877991494,350000.0,synthetic
lama_030,lama,51600.0,61920.0,0.2617993877991494,350000.0,synthetic
lama_031,lama,50000.0,70200.0,0.45199552423442896,350000.0,synthetic
lama_032,lama,51000.0,61200.0,0.2617993877991494,350000.0,synthetic
lama_033,lama,48800.0,71400.0,0.4971988373328384,350000.0,synthetic
lama_034,lama,48600.0,69000.0,0.46440934879153467,350000.0,synthetic
lama_035,lama,48600.0,69000.0,0.46440934879153467,350000.0,synthetic
lama_036,lama,48400.0,73000.0,0.5293368443719788,350000.0,synthetic
lama_037,lama,50400.0,70400.0,0.4462489564758229,350000.0,synthetic
lama_038,lama,50200.0,60240.0,0.2617993877991494,350000.0,synthetic
lama_039,lama,49800.0,72200.0,0.48733847257902607,350000.0,synthetic
lama_040,lama,49400.0,69400.0,0.45267905671322667,350000.0,synthetic
lama_041,lama,52200.0,62640.0,0.2617993877991494,350000.0,synthetic
lama_042,lama,50800.0,72000.0,0.4625122517784973,350000.0,synthetic
lama_043,lama,50800.0,60960.0,0.2617993877991494,350000.0,synthetic
lama_044,lama,48400.0,68600.0,0.46253769389587335,350000.0,synthetic
lama_045,lama,52000.0,62400.0,0.2617993877991494,350000.0,synthetic
lama_046,lama,50000.0,70000.0,0.4487989505128276,350000.0,synthetic
lama_047,lama,49000.0,58800.0,0.2617993877991494,350000.0,synthetic
lama_048,lama,49200.0,69200.0,0.4539873776863863,350000.0,synthetic
lama_049,lama,51200.0,71800.0,0.4506741550414327,350000.0,synthetic
lama_050,lama,48200.0,69400.0,0.47983980011602023,350000.0,synthetic
lama_051,lama,50200.0,70200.0,0.44752032102418704,350000.0,synthetic
lama_052,lama,49200.0,71000.0,0.4823008440018133,350000.0,synthetic
lama_053,lama,51200.0,61440.0,0.2617993877991494,350000.0,synthetic
lama_054,lama,51400.0,61680.0,0.2617993877991494,350000.0,synthetic
lama_055,lama,51000.0,61200.0,0.2617993877991494,350000.0,synthetic
lama_056,lama,48600.0,71200.0,0.49859546328040255,350000.0,synthetic
lama_057,lama,48800.0,69400.0,0.4662594284146235,350000.0,synthetic
lama_058,lama,50600.0,60720.0,0.2617993877991494,350000.0,synthetic
lama_059,lama,49400.0,70800.0,0.47478872024591506,350000.0,synthetic
lama_060,lama,50400.0,71400.0,0.46199891964555784,350000.0,synthetic
lama_061,lama,49400.0,72000.0,0.49305551368839806,350000.0,synthetic
lama_062,lama,51200.0,71200.0,0.4412349232569934,350000.0,synthetic
lama_063,lama,51400.0,61680.0,0.2617993877991494,350000.0,synthetic
lama_064,lama,49200.0,70400.0,0.47302389386437227,350000.0,synthetic
lama_065,lama,49400.0,69800.0,0.4590866055389096,350000.0,synthetic
lama_066,lama,50000.0,72800.0,0.4919526957544456,350000.0,synthetic
lama_067,lama,50000.0,71400.0,0.47079889906737793,350000.0,synthetic
lama_068,lama,49200.0,72400.0,0.5033490991939448,350000.0,synthetic
lama_069,lama,48600.0,72000.0,0.5105088062083414,350000.0,synthetic
lama_070,lama,50200.0,70800.0,0.4570396092086846,350000.0,synthetic
lama_071,lama,52400.0,62880.0,0.2617993877991494,350000.0,synthetic
lama_072,lama,51600.0,61920.0,0.2617993877991494,350000.0,synthetic
lama_073,lama,50200.0,60240.0,0.2617993877991494,350000.0,synthetic
lama_074,lama,51400.0,71400.0,0.43999897109100744,350000.0,synthetic
lama_075,lama,50400.0,71800.0,0.4681760639750806,350000.0,synthetic
lama_076,lama,50800.0,60960.0,0.2617993877991494,350000.0,synthetic
lama_077,lama,53000.0,63600.0,0.2617993877991494,350000.0,synthetic
lama_078,lama,50400.0,60480.0,0.2617993877991494,350000.0,synthetic
lama_079,lama,48400.0,69800.0,0.481590850908464,350000.0,synthetic
lama_080,lama,51200.0,61440.0,0.2617993877991494,350000.0,synthetic
lama_081,lama,50200.0,60240.0,0.2617993877991494,350000.0,synthetic
lama_082,lama,49200.0,71600.0,0.4914223145280123,350000.0,synthetic
lama_083,lama,48800.0,69400.0,0.4662594284146235,350000.0,synthetic
lama_084,lama,50800.0,71200.0,0.45005962172213326,350000.0,synthetic
lama_085,lama,50600.0,60720.0,0.2617993877991494,350000.0,synthetic
lama_086,lama,49600.0,59520.0,0.2617993877991494,350000.0,synthetic
lama_087,lama,50800.0,60960.0,0.2617993877991494,350000.0,synthetic
lama_088,lama,50400.0,60480.0,0.2617993877991494,350000.0,synthetic
lama_089,lama,48000.0,70200.0,0.4967475563368476,350000.0,synthetic
lama_090,lama,49800.0,59760.0,0.2617993877991494,350000.0,synthetic
lama_091,lama,50600.0,71600.0,0.46070841987001154,350000.0,synthetic
lama_092,lama,49600.0,59520.0,0.2617993877991494,350000.0,synthetic
lama_093,lama,48600.0,70400.0,0.4864113625586469,350000.0,synthetic
lama_094,lama,51600.0,71600.0,0.43876992368572526,350000.0,synthetic
lama_095,lama,50400.0,72400.0,0.4773138009597752,350000.0,synthetic
lama_096,lama,50600.0,60720.0,0.2617993877991494,350000.0,synthetic
lama_097,lama,50200.0,60240.0,0.2617993877991494,350000.0,synthetic
lama_098,lama,48200.0,70800.0,0.5014123868017608,350000.0,synthetic
lama_099,lama,48200.0,73400.0,0.5392924718696376,350000.0,synthetic
silte_000,silte,68200.0,95000.0,0.4431299111379287,462000.0,synthetic
silte_001,silte,71400.0,100400.0,0.45371607048856577,462000.0,synthetic
silte_002,silte,68600.0,97200.0,0.4621890426577576,462000.0,synthetic
silte_003,silte,70000.0,97600.0,0.4442006006100322,462000.0,synthetic
silte_004,silte,70200.0,97800.0,0.4432922149237131,462000.0,synthetic
silte_005,silte,71600.0,98400.0,0.4278185117693417,462000.0,synthetic
silte_006,silte,70800.0,98400.0,0.44058921361320275,462000.0,synthetic
silte_007,silte,71400.0,97200.0,0.41693976575420094,462000.0,synthetic
silte_008,silte,67600.0,98000.0,0.48726743198535566,462000.0,synthetic
silte_009,silte,69400.0,99000.0,0.46965223508211046,462000.0,synthetic
silte_010,silte,69000.0,97200.0,0.4557248602429638,462000.0,synthetic
silte_011,silte,70600.0,99400.0,0.4551200624918815,462000.0,synthetic
silte_012,silte,70000.0,96400.0,0.43017658742100906,462000.0,synthetic
silte_013,silte,70600.0,97200.0,0.42986813058378853,462000.0,synthetic
silte_014,silte,70000.0,99600.0,0.4668230047502905,462000.0,synthetic
silte_015,silte,71000.0,96800.0,0.41866265734822655,462000.0,synthetic
silte_016,silte,70400.0,97800.0,0.44007995249672965,462000.0,synthetic
silte_017,silte,67800.0,99800.0,0.5036621488721111,462000.0,synthetic
silte_018,silte,72200.0,98000.0,0.41353617582967683,462000.0,synthetic
silte_019,silte,71200.0,96200.0,0.4082111036369274,462000.0,synthetic
silte_020,silte,68000.0,98800.0,0.4896814460048868,462000.0,synthetic
silte_021,silte,67800.0,101000.0,0.5163409707880254,462000.0,synthetic
silte_022,silte,69200.0,98400.0,0.4661306173009246,462000.0,synthetic
silte_023,silte,70000.0,97000.0,0.4372319672521877,462000.0,synthetic
silte_024,silte,69600.0,99600.0,0.4731314237334026,462000.0,synthetic
silte_025,silte,71400.0,99800.0,0.44700015712399865,462000.0,synthetic
silte_026,silte,68200.0,98400.0,0.48209399460575075,462000.0,synthetic
silte_027,silte,69400.0,100200.0,0.4828395894738804,462000.0,synthetic
silte_028,silte,69600.0,96800.0,0.4413807860415412,462000.0,synthetic
silte_029,silte,72400.0,95400.0,0.37870351694216586,462000.0,synthetic
silte_030,silte,68200.0,100800.0,0.5080154787054924,462000.0,synthetic
silte_031,silte,69000.0,97000.0,0.4534257438170835,462000.0,synthetic
silte_032,silte,72000.0,100800.0,0.4487989505128276,462000.0,synthetic
silte_033,silte,68600.0,99200.0,0.48453999596697417,462000.0,synthetic
silte_034,silte,72600.0,94600.0,0.36530147134765034,462000.0,synthetic
silte_035,silte,70400.0,97000.0,0.4307544566262294,462000.0,synthetic
silte_036,silte,67600.0,100600.0,0.5152711608770536,462000.0,synthetic
silte_037,silte,68600.0,94400.0,0.429306623213012,462000.0,synthetic
silte_038,silte,70800.0,95000.0,0.4001396958782789,462000.0,synthetic
silte_039,silte,68400.0,97200.0,0.4654211338651545,462000.0,synthetic
silte_040,silte,68600.0,96400.0,0.4529889822084867,462000.0,synthetic
silte_041,silte,68600.0,98400.0,0.4757086436838203,462000.0,synthetic
silte_042,silte,70400.0,97800.0,0.44007995249672965,462000.0,synthetic
silte_043,silte,72600.0,96200.0,0.38535128183325945,462000.0,synthetic
silte_044,silte,70400.0,98400.0,0.4469745645351332,462000.0,synthetic
silte_045,silte,70400.0,95400.0,0.41163425754583244,462000.0,synthetic
silte_046,silte,70600.0,92800.0,0.37577239714274463,462000.0,synthetic
silte_047,silte,70600.0,101000.0,0.4727941419263847,462000.0,synthetic
silte_048,silte,69800.0,96800.0,0.4381353390853534,462000.0,synthetic
silte_049,silte,69400.0,98800.0,0.4674231984592101,462000.0,synthetic
silte_050,silte,69400.0,97200.0,0.44926067782817,462000.0,synthetic
silte_051,silte,71000.0,99800.0,0.45329593398490003,462000.0,synthetic
silte_052,silte,68000.0,101200.0,0.5153205340868633,462000.0,synthetic
silte_053,silte,69600.0,98400.0,0.4597452663789941,462000.0,synthetic
silte_054,silte,70400.0,95000.0,0.4067535751489943,462000.0,synthetic
silte_055,silte,70400.0,97200.0,0.4331002217911855,462000.0,synthetic
silte_056,silte,69200.0,96000.0,0.4385139745635753,462000.0,synthetic
silte_057,silte,68200.0,94800.0,0.4407508680669225,462000.0,synthetic
silte_058,silte,66200.0,96000.0,0.48760135977591584,462000.0,synthetic
silte_059,silte,70400.0,98600.0,0.44925412186223207,462000.0,synthetic
silte_060,silte,71200.0,100200.0,0.4546216913877445,462000.0,synthetic
silte_061,silte,66200.0,98400.0,0.5140207492154031,462000.0,synthetic
silte_062,silte,72200.0,101000.0,0.4479102397197328,462000.0,synthetic
silte_063,silte,68400.0,98600.0,0.4811161163205464,462000.0,synthetic
silte_064,silte,70000.0,100600.0,0.47779689463144964,462000.0,synthetic
silte_065,silte,70600.0,99200.0,0.45287071518481903,462000.0,synthetic
silte_066,silte,73600.0,99600.0,0.41004723390228226,462000.0,synthetic
silte_067,silte,68200.0,98600.0,0.48430231576637783,462000.0,synthetic
silte_068,silte,71200.0,96400.0,0.4106231061745995,462000.0,synthetic
silte_069,silte,70600.0,99000.0,0.45061227960580874,462000.0,synthetic
silte_070,silte,68000.0,98200.0,0.48307585610189285,462000.0,synthetic
silte_071,silte,69400.0,97200.0,0.44926067782817,462000.0,synthetic
silte_072,silte,70800.0,100000.0,0.45867252742410974,462000.0,synthetic
silte_073,silte,69600.0,101000.0,0.4883465808055421,462000.0,synthetic
silte_074,silte,70800.0,99400.0,0.45195950650235456,462000.0,synthetic
silte_075,silte,68400.0,97800.0,0.47220257676656396,462000.0,synthetic
silte_076,silte,69800.0,95400.0,0.4215134797269324,462000.0,synthetic
silte_077,silte,69000.0,96400.0,0.44647115512635027,462000.0,synthetic
silte_078,silte,70000.0,98400.0,0.45335991545706367,462000.0,synthetic
silte_079,silte,68400.0,98400.0,0.4789013191447855,462000.0,synthetic
silte_080,silte,68200.0,98800.0,0.4865016963555044,462000.0,synthetic
silte_081,silte,72800.0,96800.0,0.38945363474253636,462000.0,synthetic
silte_082,silte,68400.0,97000.0,0.46314200975602104,462000.0,synthetic
silte_083,silte,69800.0,94600.0,0.4117943858828059,462000.0,synthetic
silte_084,silte,70200.0,97600.0,0.44098175567807546,462000.0,synthetic
silte_085,silte,70400.0,97600.0,0.43776291074611867,462000.0,synthetic
silte_086,silte,70600.0,100000.0,0.46181412007769956,462000.0,synthetic
silte_087,silte,68000.0,99800.0,0.5005142604416604,462000.0,synthetic
silte_088,silte,68400.0,97000.0,0.46314200975602104,462000.0,synthetic
silte_089,silte,69800.0,97000.0,0.4404707225651669,462000.0,synthetic
silte_090,silte,70400.0,100800.0,0.473732225541318,462000.0,synthetic
silte_091,silte,70000.0,100200.0,0.4734336234451685,462000.0,synthetic
silte_092,silte,69000.0,98000.0,0.4648274844597143,462000.0,synthetic
silte_093,silte,70000.0,98000.0,0.4487989505128276,462000.0,synthetic
silte_094,silte,69600.0,94000.0,0.4077386209978242,462000.0,synthetic
silte_095,silte,71600.0,96600.0,0.406520788507996,462000.0,synthetic
silte_096,silte,71600.0,98800.0,0.4324459523160039,462000.0,synthetic
silte_097,silte,69200.0,99200.0,0.4750392117323276,462000.0,synthetic
silte_098,silte,68000.0,102000.0,0.5235987755982988,462000.0,synthetic
silte_099,silte,69400.0,98200.0,0.46068161111703687,462000.0,synthetic
glicerina_000,glicerina,363600.0,476600.0,0.37242967882463973,2394000.0,synthetic
glicerina_001,glicerina,328000.0,472000.0,0.4792259980052227,2394000.0,synthetic
glicerina_002,glicerina,352800.0,470600.0,0.3931997605109197,2394000.0,synthetic
glicerina_003,glicerina,352000.0,478800.0,0.41599200968586647,2394000.0,synthetic
glicerina_004,glicerina,358600.0,481400.0,0.4006933712721506,2394000.0,synthetic
glicerina_005,glicerina,310800.0,469200.0,0.5302944121149011,2394000.0,synthetic
glicerina_006,glicerina,306400.0,474800.0,0.5571232127890914,2394000.0,synthetic
glicerina_007,glicerina,319400.0,454000.0,0.46570305195284817,2394000.0,synthetic
glicerina_008,glicerina,353000.0,460600.0,0.36695111759255505,2394000.0,synthetic
glicerina_009,glicerina,344400.0,477200.0,0.43713694928407854,2394000.0,synthetic
glicerina_010,glicerina,341000.0,366600.0,0.10969008719571563,2394000.0,synthetic
glicerina_011,glicerina,316400.0,486200.0,0.548583332558152,2394000.0,synthetic
glicerina_012,glicerina,314400.0,473400.0,0.527580515336689,2394000.0,synthetic
glicerina_013,glicerina,351000.0,466200.0,0.3881504436867698,2394000.0,synthetic
glicerina_014,glicerina,299600.0,476800.0,0.5837774939346805,2394000.0,synthetic
glicerina_015,glicerina,360200.0,473200.0,0.3751056317156029,2394000.0,synthetic
glicerina_016,glicerina,353400.0,465200.0,0.3775043622864777,2394000.0,synthetic
glicerina_017,glicerina,310600.0,475800.0,0.545387879753083,2394000.0,synthetic
glicerina_018,glicerina,351400.0,472800.0,0.4033305289189941,2394000.0,synthetic
glicerina_019,glicerina,326200.0,491400.0,0.5280739788085407,2394000.0,synthetic
glicerina_020,glicerina,315400.0,460000.0,0.4937764105533522,2394000.0,synthetic
glicerina_021,glicerina,324800.0,473600.0,0.4935272242970452,2394000.0,synthetic
glicerina_022,glicerina,336000.0,483200.0,0.4785207353150016,2394000.0,synthetic
glicerina_023,glicerina,349000.0,479600.0,0.4277439538770089,2394000.0,synthetic
glicerina_024,glicerina,187200.0,343600.0,0.7149957669112975,2394000.0,synthetic
glicerina_025,glicerina,225400.0,319200.0,0.4615936574353425,2394000.0,synthetic
glicerina_026,glicerina,354200.0,464200.0,0.37222661772390914,2394000.0,synthetic
glicerina_027,glicerina,335800.0,491200.0,0.4969498151138577,2394000.0,synthetic
glicerina_028,glicerina,328800.0,476600.0,0.487124836551166,2394000.0,synthetic
glicerina_029,glicerina,332800.0,477200.0,0.47532059846853114,2394000.0,synthetic
glicerina_030,glicerina,328200.0,470400.0,0.4748453181765185,2394000.0,synthetic
glicerina_031,glicerina,327800.0,496400.0,0.5335138209057606,2394000.0,synthetic
glicerina_032,glicerina,333400.0,445600.0,0.39551918282402915,2394000.0,synthetic
glicerina_033,glicerina,335400.0,478000.0,0.4686099502111972,2394000.0,synthetic
glicerina_034,glicerina,328600.0,483600.0,0.5034603611522105,2394000.0,synthetic
glicerina_035,glicerina,319400.0,481000.0,0.5277353147818198,2394000.0,synthetic
glicerina_036,glicerina,321800.0,466400.0,0.4870007479728603,2394000.0,synthetic
glicerina_037,glicerina,332800.0,464200.0,0.4446416142629242,2394000.0,synthetic
glicerina_038,glicerina,312800.0,470600.0,0.5267141104297379,2394000.0,synthetic
glicerina_039,glicerina,344200.0,484000.0,0.45371348447505483,2394000.0,synthetic
glicerina_040,glicerina,334800.0,468400.0,0.44803242796711823,2394000.0,synthetic
glicerina_041,glicerina,311200.0,469400.0,0.5293991881102528,2394000.0,synthetic
glicerina_042,glicerina,343400.0,472400.0,0.42894311210106195,2394000.0,synthetic
glicerina_043,glicerina,311600.0,471400.0,0.5324846266903362,2394000.0,synthetic
glicerina_044,glicerina,355800.0,467800.0,0.37607778666316466,2394000.0,synthetic
glicerina_045,glicerina,336600.0,461800.0,0.42586336101065625,2394000.0,synthetic
glicerina_046,glicerina,319400.0,483000.0,0.5320544079992652,2394000.0,synthetic
glicerina_047,glicerina,301800.0,335000.0,0.15567294940176288,2394000.0,synthetic
glicerina_048,glicerina,331600.0,482600.0,0.4914841387194972,2394000.0,synthetic
glicerina_049,glicerina,335400.0,481200.0,0.47593953542538636,2394000.0,synthetic
glicerina_050,glicerina,335200.0,483200.0,0.48112139148519184,2394000.0,synthetic
glicerina_051,glicerina,352000.0,452000.0,0.347521311237809,2394000.0,synthetic
glicerina_052,glicerina,322200.0,489600.0,0.5370737440879609,2394000.0,synthetic
glicerina_053,glicerina,340600.0,484200.0,0.4658536813873341,2394000.0,synthetic
glicerina_054,glicerina,332600.0,461600.0,0.4389790428001335,2394000.0,synthetic
glicerina_055,glicerina,358000.0,451600.0,0.32556806064659505,2394000.0,synthetic
glicerina_056,glicerina,372200.0,463800.0,0.3102305811436234,2394000.0,synthetic
glicerina_057,glicerina,333200.0,474000.0,0.4665994152167119,2394000.0,synthetic
glicerina_058,glicerina,309400.0,477800.0,0.5536251599670586,2394000.0,synthetic
glicerina_059,glicerina,332400.0,479000.0,0.48074893843033784,2394000.0,synthetic
glicerina_060,glicerina,332000.0,474600.0,0.47196703792868155,2394000.0,synthetic
glicerina_061,glicerina,322200.0,493800.0,0.5458660382300613,2394000.0,synthetic
glicerina_062,glicerina,332800.0,480000.0,0.4817108735504349,2394000.0,synthetic
glicerina_063,glicerina,331400.0,487000.0,0.5018807155016137,2394000.0,synthetic
glicerina_064,glicerina,355800.0,485200.0,0.41892218608256304,2394000.0,synthetic
glicerina_065,glicerina,308000.0,481200.0,0.5653822190375647,2394000.0,synthetic
glicerina_066,glicerina,338000.0,442000.0,0.36959913571644626,2394000.0,synthetic
glicerina_067,glicerina,327000.0,469400.0,0.4765261971359039,2394000.0,synthetic
glicerina_068,glicerina,350800.0,463000.0,0.3806551789770786,2394000.0,synthetic
glicerina_069,glicerina,347400.0,483400.0,0.4419286314524326,2394000.0,synthetic
glicerina_070,glicerina,336600.0,487600.0,0.48644430956937934,2394000.0,synthetic
glicerina_071,glicerina,306400.0,469400.0,0.5454618689125865,2394000.0,synthetic
glicerina_072,glicerina,325200.0,485600.0,0.5188544703828283,2394000.0,synthetic
glicerina_073,glicerina,362000.0,476400.0,0.37720214060733875,2394000.0,synthetic
glicerina_074,glicerina,337800.0,477800.0,0.4602584465284335,2394000.0,synthetic
glicerina_075,glicerina,328600.0,465600.0,0.4621973727897355,2394000.0,synthetic
glicerina_076,glicerina,345800.0,489000.0,0.45999597954402693,2394000.0,synthetic
glicerina_077,glicerina,319600.0,468800.0,0.4999206739714134,2394000.0,synthetic
glicerina_078,glicerina,351800.0,492200.0,0.44806949264933665,2394000.0,synthetic
glicerina_079,glicerina,322000.0,458400.0,0.4674010012539788,2394000.0,synthetic
glicerina_080,glicerina,340600.0,471400.0,0.43585099606443034,2394000.0,synthetic
glicerina_081,glicerina,328600.0,473800.0,0.48138376245381803,2394000.0,synthetic
glicerina_082,glicerina,326600.0,465200.0,0.46799735789718977,2394000.0,synthetic
glicerina_083,glicerina,329800.0,496800.0,0.5280253352953859,2394000.0,synthetic
glicerina_084,glicerina,311400.0,492400.0,0.5774048236187577,2394000.0,synthetic
glicerina_085,glicerina,330800.0,459200.0,0.43922092412993186,2394000.0,synthetic
glicerina_086,glicerina,326400.0,480000.0,0.5026548245743669,2394000.0,synthetic
glicerina_087,glicerina,321800.0,475400.0,0.5075185439539254,2394000.0,synthetic
glicerina_088,glicerina,343200.0,475400.0,0.4368095801478446,2394000.0,synthetic
glicerina_089,glicerina,346600.0,479400.0,0.4351308973682984,2394000.0,synthetic
glicerina_090,glicerina,8000.0,356800.0,1.5355766782120515,2394000.0,synthetic
glicerina_091,glicerina,318400.0,487000.0,0.5438116236090751,2394000.0,synthetic
glicerina_092,glicerina,332400.0,480200.0,0.4834729219081335,2394000.0,synthetic
glicerina_093,glicerina,338000.0,483400.0,0.47247369862635075,2394000.0,synthetic
glicerina_094,glicerina,319800.0,469600.0,0.5010760003276735,2394000.0,synthetic
glicerina_095,glicerina,316600.0,480800.0,0.5364491615218844,2394000.0,synthetic
glicerina_096,glicerina,346000.0,468200.0,0.40997717029973596,2394000.0,synthetic
glicerina_097,glicerina,337200.0,470800.0,0.44574849035641073,2394000.0,synthetic
glicerina_098,glicerina,336600.0,469400.0,0.44440083553123616,2394000.0,synthetic
glicerina_099,glicerina,366200.0,475600.0,0.3613227883754451,2394000.0,synthetic
concreto_000,concreto,165400.0,215800.0,0.36685882701789985,8050000.0,synthetic
concreto_001,concreto,123400.0,227400.0,0.7183940984462148,8050000.0,synthetic
concreto_002,concreto,103600.0,240600.0,0.8944268361217824,8050000.0,synthetic
concreto_003,concreto,114200.0,232800.0,0.8002424585819361,8050000.0,synthetic
concreto_004,concreto,128800.0,251800.0,0.767307181079318,8050000.0,synthetic
concreto_005,concreto,115800.0,264600.0,0.8833503152950892,8050000.0,synthetic
concreto_006,concreto,90200.0,212800.0,0.9049794627117214,8050000.0,synthetic
concreto_007,concreto,149200.0,202800.0,0.4151611593501305,8050000.0,synthetic
concreto_008,concreto,154000.0,246000.0,0.5874522848176036,8050000.0,synthetic
concreto_009,concreto,147000.0,252000.0,0.6544984694978736,8050000.0,synthetic
concreto_010,concreto,107600.0,258000.0,0.9156890215114436,8050000.0,synthetic
concreto_011,concreto,140600.0,240600.0,0.6528663037385273,8050000.0,synthetic
concreto_012,concreto,88600.0,224400.0,0.9505977770888903,8050000.0,synthetic
concreto_013,concreto,149200.0,235000.0,0.5735077652723495,8050000.0,synthetic
concreto_014,concreto,112400.0,243400.0,0.8454162646266699,8050000.0,synthetic
concreto_015,concreto,138200.0,237000.0,0.654829861127999,8050000.0,synthetic
concreto_016,concreto,124000.0,217000.0,0.6731984257692414,8050000.0,synthetic
concreto_017,concreto,132200.0,272000.0,0.8073431120806122,8050000.0,synthetic
concreto_018,concreto,108600.0,247000.0,0.8801547029490433,8050000.0,synthetic
concreto_019,concreto,134600.0,202000.0,0.5241171902276042,8050000.0,synthetic
concreto_020,concreto,133000.0,167800.0,0.32576705704685577,8050000.0,synthetic
concreto_021,concreto,153600.0,236600.0,0.5510401315468149,8050000.0,synthetic
concreto_022,concreto,138000.0,212000.0,0.5482968310510488,8050000.0,synthetic
concreto_023,concreto,108400.0,238400.0,0.8565583996784252,8050000.0,synthetic
concreto_024,concreto,148400.0,209400.0,0.4575863225142726,8050000.0,synthetic
concreto_025,concreto,104200.0,236800.0,0.8795928755616693,8050000.0,synthetic
concreto_026,concreto,94800.0,221800.0,0.8994189968573123,8050000.0,synthetic
concreto_027,concreto,123400.0,259600.0,0.8241234965695875,8050000.0,synthetic
concreto_028,concreto,154400.0,210000.0,0.4158870274752202,8050000.0,synthetic
concreto_029,concreto,156200.0,205800.0,0.3785787065550382,8050000.0,synthetic
concreto_030,concreto,109800.0,235600.0,0.8387358994516043,8050000.0,synthetic
concreto_031,concreto,98400.0,208400.0,0.8291151437017208,8050000.0,synthetic
concreto_032,concreto,139400.0,221600.0,0.5826690345782514,8050000.0,synthetic
concreto_033,concreto,105800.0,242000.0,0.8840597508655574,8050000.0,synthetic
concreto_034,concreto,126000.0,262600.0,0.8171012118818844,8050000.0,synthetic
concreto_035,concreto,132400.0,203000.0,0.5462966535552695,8050000.0,synthetic
concreto_036,concreto,138800.0,198200.0,0.4707633794733444,8050000.0,synthetic
concreto_037,concreto,116000.0,230600.0,0.7806299178260848,8050000.0,synthetic
concreto_038,concreto,98600.0,272200.0,1.001801037221139,8050000.0,synthetic
concreto_039,concreto,137400.0,269000.0,0.7684639279041203,8050000.0,synthetic
concreto_040,concreto,139800.0,242200.0,0.6641186782155136,8050000.0,synthetic
concreto_041,concreto,82200.0,210200.0,0.9565267832052653,8050000.0,synthetic
concreto_042,concreto,130800.0,246400.0,0.7369482766943589,8050000.0,synthetic
concreto_043,concreto,136800.0,268600.0,0.7707779444213231,8050000.0,synthetic
concreto_044,concreto,138400.0,225400.0,0.6062967188604969,8050000.0,synthetic
concreto_045,concreto,134400.0,257800.0,0.7518862169375106,8050000.0,synthetic
concreto_046,concreto,143000.0,221000.0,0.5543987035746694,8050000.0,synthetic
concreto_047,concreto,138800.0,218000.0,0.5706746288172285,8050000.0,synthetic
concreto_048,concreto,147200.0,220600.0,0.5226493671203327,8050000.0,synthetic
concreto_049,concreto,119600.0,236200.0,0.7754227421857957,8050000.0,synthetic
concreto_050,concreto,135600.0,261200.0,0.7553293210009151,8050000.0,synthetic
concreto_051,concreto,122600.0,255400.0,0.8167648872292963,8050000.0,synthetic
concreto_052,concreto,132400.0,239200.0,0.7013421726659488,8050000.0,synthetic
concreto_053,concreto,160600.0,280000.0,0.6698324336403951,8050000.0,synthetic
concreto_054,concreto,84200.0,234600.0,1.007023732096984,8050000.0,synthetic
concreto_055,concreto,125600.0,225200.0,0.6947216436446345,8050000.0,synthetic
concreto_056,concreto,117400.0,268400.0,0.8837192449554001,8050000.0,synthetic
concreto_057,concreto,153400.0,264200.0,0.6587593982167849,8050000.0,synthetic
concreto_058,concreto,119800.0,268000.0,0.8686269239962823,8050000.0,synthetic
concreto_059,concreto,115200.0,239600.0,0.815555354980322,8050000.0,synthetic
concreto_060,concreto,136000.0,249400.0,0.7142273594969578,8050000.0,synthetic
concreto_061,concreto,117600.0,215400.0,0.7132027890461508,8050000.0,synthetic
concreto_062,concreto,98200.0,221200.0,0.8734536536879397,8050000.0,synthetic
concreto_063,concreto,128000.0,186600.0,0.49329402331286676,8050000.0,synthetic
concreto_064,concreto,153400.0,209400.0,0.42007924689834863,8050000.0,synthetic
concreto_065,concreto,118000.0,220000.0,0.728278296968543,8050000.0,synthetic
concreto_066,concreto,110200.0,229600.0,0.816868821512677,8050000.0,synthetic
concreto_067,concreto,149600.0,247200.0,0.6201849575047811,8050000.0,synthetic
concreto_068,concreto,133800.0,205200.0,0.5465636341771716,8050000.0,synthetic
concreto_069,concreto,111600.0,182600.0,0.6107696560922106,8050000.0,synthetic
concreto_070,concreto,154200.0,203000.0,0.37761015146596527,8050000.0,synthetic
concreto_071,concreto,116400.0,215200.0,0.7211648563537908,8050000.0,synthetic
concreto_072,concreto,113600.0,258200.0,0.8796946121399769,8050000.0,synthetic
concreto_073,concreto,139000.0,190200.0,0.4228431752465757,8050000.0,synthetic
concreto_074,concreto,117400.0,230800.0,0.7717864101323278,8050000.0,synthetic
concreto_075,concreto,103600.0,230800.0,0.8657075076616588,8050000.0,synthetic
concreto_076,concreto,121600.0,199200.0,0.6119166413618674,8050000.0,synthetic
concreto_077,concreto,142200.0,229000.0,0.5953935422087205,8050000.0,synthetic
concreto_078,concreto,139200.0,249600.0,0.6947752983900504,8050000.0,synthetic
concreto_079,concreto,130000.0,229600.0,0.6814081626688663,8050000.0,synthetic
concreto_080,concreto,116000.0,174600.0,0.5271973926127201,8050000.0,synthetic
concreto_081,concreto,100800.0,212800.0,0.8267349088394192,8050000.0,synthetic
concreto_082,concreto,115000.0,222600.0,0.7592887904902554,8050000.0,synthetic
concreto_083,concreto,112400.0,234400.0,0.817564641079255,8050000.0,synthetic
concreto_084,concreto,127200.0,242400.0,0.7465170661995547,8050000.0,synthetic
concreto_085,concreto,119600.0,218000.0,0.7090199933789809,8050000.0,synthetic
concreto_086,concreto,98400.0,247400.0,0.9460333576897315,8050000.0,synthetic
concreto_087,concreto,129600.0,238800.0,0.7183038479313346,8050000.0,synthetic
concreto_088,concreto,133400.0,248800.0,0.7285767528622631,8050000.0,synthetic
concreto_089,concreto,105800.0,230000.0,0.8482300164692442,8050000.0,synthetic
concreto_090,concreto,134200.0,234200.0,0.6707072274956859,8050000.0,synthetic
concreto_091,concreto,149600.0,217200.0,0.4888850446194061,8050000.0,synthetic
concreto_092,concreto,107400.0,286800.0,0.9825692504428327,8050000.0,synthetic
concreto_093,concreto,100800.0,239000.0,0.9083014743224046,8050000.0,synthetic
concreto_094,concreto,111600.0,268400.0,0.9176634278742167,8050000.0,synthetic
concreto_095,concreto,132000.0,224000.0,0.6451484913621897,8050000.0,synthetic
concreto_096,concreto,106000.0,174200.0,0.6149730739805508,8050000.0,synthetic
concreto_097,concreto,115600.0,250800.0,0.8467769672355264,8050000.0,synthetic
concreto_098,concreto,87800.0,260200.0,1.0407582119117609,8050000.0,synthetic
concreto_099,concreto,140800.0,253400.0,0.697993947897022,8050000.0,synthetic
